City_ID,City,Country,Max Temp,Current Description,Lat,Lng,Hotel Name
0,Atuona,PF,78.08,Clear,-9.8,-139.0333,Villa Enata
10,Vaini,TO,75.36,Rain,-21.2,-175.2,Keleti Beach Resort
12,Puerto Ayora,EC,80.56,Clouds,-0.7393,-90.3518,Finch Bay Galapagos Hotel
15,Inhapim,BR,81.19,Clouds,-19.5492,-42.12,hotel Carreiro em Inhapim/MG
17,Tecoanapa,MX,80.73,Clear,16.5167,-98.75,Hotel Manglares
27,Rikitea,PF,77.74,Clouds,-23.1203,-134.9692,People ThankYou
29,Matara,LK,76.98,Clouds,5.9485,80.5353,Amaloh Boutique Resort
33,Kapaa,US,75.18,Rain,22.0752,-159.319,Sheraton Kauai Coconut Beach Resort
37,Yulara,AU,75.04,Clouds,-25.2406,130.9889,Desert Gardens Hotel - Ayers Rock Resort
40,Hithadhoo,MV,81.68,Clear,-0.6,73.0833,Scoop Guest House
41,Butaritari,KI,80.69,Rain,3.0707,172.7902,Isles Sunset Lodge
51,Chuy,UY,83.71,Clear,-33.6971,-53.4616,Nuevo Hotel Plaza
59,Prien,US,80.58,Haze,30.1819,-93.2738,L'Auberge Casino Resort Lake Charles
60,Huarmey,PE,75.25,Clouds,-10.0681,-78.1522,Hotel Miramar
61,Padang,ID,75.25,Rain,-0.9492,100.3543,Mercure Padang
62,El Dovio,CO,75.88,Clouds,4.5079,-76.2362,Julián
64,Saint-Philippe,RE,76.59,Clouds,-21.3585,55.7679,"Chambres d'hôte ""La Trinité"""
71,Carinhanha,BR,81.79,Clouds,-14.3047,-43.765,Hotel União
74,Banikoara,BJ,87.69,Clouds,11.2985,2.4386,Hôtel de l'UCom CVPC
80,Luanda,AO,80.6,Clouds,-8.8368,13.2343,Hotel Fórum
84,Sao Joao Da Barra,BR,80.69,Rain,-21.6403,-41.0511,Pousada Porto De Canoas
99,Dhidhdhoo,MV,82.04,Clouds,6.8833,73.1,Dhidhoo beach
103,Bataipora,BR,89.6,Clouds,-22.2953,-53.2711,Hotel Vale do Ivinhema
104,Carnarvon,AU,75.27,Clear,-24.8667,113.6333,Hospitality Carnarvon
106,San Cristobal,VE,77.18,Clouds,7.7669,-72.225,Posada Villaven C.A.
117,Mahebourg,MU,77.29,Clouds,-20.4081,57.7,Shandrani Beachcomber Resort & Spa
119,Coahuayana,MX,87.28,Clear,18.7333,-103.6833,El rranchito michuacan de ocampos
121,Taoudenni,ML,80.53,Clear,22.6783,-3.9836,
123,Bengkulu,ID,75.96,Rain,-3.8004,102.2655,Grage Hotel Bengkulu
124,Georgetown,MY,80.53,Clouds,5.4112,100.3354,Cititel Penang
129,Saint-Pierre,RE,76.68,Clear,-21.3393,55.4781,Lindsey Hôtel
130,Puro,PH,76.5,Clouds,12.4841,123.3827,
141,Valparaiso,CL,79.03,Clear,-33.0393,-71.6273,Hotel Ultramar
142,Neiafu,TO,81.28,Clouds,-18.65,-173.9833,Mystic Sands Beachfront Accommodation
145,Labuhan,ID,79.5,Clouds,-6.8844,112.2051,PT PPI Lamongan Tambak C
148,Itacarambi,BR,77.9,Clouds,-15.1022,-44.0919,POUSADA CAMALEÃO
155,Rincon,US,78.98,Clouds,32.296,-81.2354,Days Inn Rincon
160,Yenagoa,NG,86.14,Clouds,4.9247,6.2642,Aridolf Resort Wellness and Spa
163,Fundao,BR,78.33,Clouds,-19.9341,-40.4047,City Hotel
165,Mount Isa,AU,82.17,Clouds,-20.7333,139.5,ibis Styles Mt Isa Verona
180,Broken Hill,AU,76.71,Clouds,-31.95,141.4333,Royal Exchange Hotel
184,The Valley,AI,84.06,Clouds,18.217,-63.0578,CeBlue Villas & Beach Resort
187,San Policarpo,PH,78.39,Clouds,12.1791,125.5072,Agapita M. Nicart
188,Ponta Do Sol,PT,75.83,Clouds,32.6667,-17.1,Hotel do Campo
191,Kieta,PG,79.9,Rain,-6.2167,155.6333,Uruna Bay Retreat
192,Takoradi,GH,81.79,Clouds,4.8845,-1.7554,Raybow International Hotel
197,Cabo San Lucas,MX,79.9,Clouds,22.8909,-109.9124,Hotel Tesoro Los Cabos
198,Carutapera,BR,81.84,Clouds,-1.195,-46.02,Lidera
199,Piracanjuba,BR,75.52,Clouds,-17.3028,-49.0167,Casas Luci
200,Asia,PH,76.37,Clouds,9.5506,122.5164,Totic’s Little Inn and Restaurant
205,Juba,SS,88.09,Clouds,4.8517,31.5825,ROYAL PALACE HOTEL - JUBA
210,Deniliquin,AU,75.47,Clear,-35.5333,144.9667,Riviana Motel
217,Kuching,MY,79.02,Rain,1.55,110.3333,The Ranee Boutique Suites
230,Birao,CF,80.8,Clouds,10.2849,22.7882,
232,Rio Grande,BR,78.84,Clouds,-32.035,-52.0986,Hotel Atlântico Rio Grande
233,Omboue,GA,78.06,Clouds,-1.5746,9.2618,Hotel Olako
236,Neuquen,AR,78.69,Clear,-38.9516,-68.0591,Hotel del Comahue
239,Pisco,PE,75.25,Clear,-13.7,-76.2167,Hotel San Isidro Oficial
240,Sao Filipe,CV,78.55,Clouds,14.8961,-24.4956,Hotel Xaguate
242,Vila Velha,BR,78.75,Rain,-20.3297,-40.2925,Quality Suites Vila Velha
243,Weligama,LK,75.4,Clouds,5.9667,80.4167,Weligama Bay Resort
247,Benemerito De Las Americas,MX,86.29,Clouds,16.5167,-90.6439,"Tres Lagunas, Selva Lacandona"
249,Carmelo,UY,87.69,Clear,-33.9892,-58.2856,Los Muelles Boutique Hotel
254,Yago,MX,81.93,Clear,21.8333,-105.0667,
259,Kulhudhuffushi,MV,81.77,Clouds,6.6221,73.07,Haajy Guest House 1
265,Isangel,VU,79.57,Clouds,-19.55,169.2667,Tanna Lodge
266,Biak,ID,76.28,Clouds,-0.9131,122.8766,Penginapan Kim
274,Mar Del Plata,AR,80.62,Clear,-38.0023,-57.5575,Gran Hotel Mar del Plata
275,Santiago,CL,83.64,Clear,-33.4569,-70.6483,Che Lagarto Hostel Santiago
281,Ixtapa,MX,76.23,Clear,20.7,-105.2,Hotel Plaza Providencia
285,Quatre Cocos,MU,77.11,Clouds,-20.2078,57.7625,Sunrise Attitude Hotel
288,Tabou,CI,80.62,Clouds,4.423,-7.3528,hotêl doufoulougou
294,Domoni,KM,80.6,Clouds,-12.2569,44.5319,Al Djadid
295,Xuddur,SO,78.17,Clouds,4.1213,43.8894,Banjanay Hotel
297,San Patricio,US,81.01,Clouds,28.017,-97.5169,"Motel 6 Sinton, TX"
302,Kavieng,PG,82.36,Clouds,-2.5744,150.7967,Nusa Island Retreat
304,Touros,BR,88.7,Clouds,-5.1989,-35.4608,INN NEW HORIZON
305,Itaituba,BR,84.36,Clouds,-4.2761,-55.9836,Hotel Campos
312,Poum,NC,80.8,Rain,-20.2333,164.0167,Gîte kajeon
317,Souillac,MU,77.38,Clouds,-20.5167,57.5167,Shanti Maurice Resort & Spa
320,Port Augusta,AU,75.34,Clouds,-32.5,137.7667,Majestic Oasis Apartments
321,Avarua,CK,75.25,Clouds,-21.2078,-159.775,Paradise Inn
323,Bonthe,SL,84.2,Clouds,7.5264,-12.505,Bonthe Holiday Village
327,Bambous Virieux,MU,77.25,Rain,-20.3428,57.7575,Casa Tia Villa
337,Mitu,CO,84.15,Clouds,1.1983,-70.1733,
339,Mamallapuram,IN,78.85,Clouds,12.6264,80.1722,Radisson Blu Resort Temple Bay Mamallapuram
344,Upata,VE,84.34,Clouds,8.0086,-62.3989,Posada Villa Nela
345,Namatanai,PG,80.15,Rain,-3.6667,152.4333,Seagulls Inn Namatani
350,Lakeside,US,78.94,Clouds,30.13,-81.7682,Whitey's Fish Camp
351,Amahai,ID,77.76,Clouds,-3.3333,128.9167,HOTEL ISABELA
352,Faanui,PF,81.14,Clouds,-16.4833,-151.75,Bora-Bora Pearl Beach Resort & Spa
353,Salinopolis,BR,81.01,Clouds,-0.6136,-47.3561,Salinas Park Resort Maçarico AP101
356,Hambantota,LK,76.41,Clouds,6.1241,81.1185,Bungalow 63
360,Micheweni,TZ,82.87,Clouds,-4.9667,39.8333,
361,Kununurra,AU,80.58,Clouds,-15.7667,128.7333,Hotel Kununurra
365,La Orilla,MX,81.27,Clear,17.9833,-102.2333,Baymont by Wyndham Lazaro Cardenas
369,Karratha,AU,81.63,Clouds,-20.7377,116.8463,ibis Styles Karratha
373,Fare,PF,81.0,Clouds,-16.7,-151.0167,Maitai Lapita Village Huahine
377,Thinadhoo,MV,80.83,Clouds,0.5333,72.9333,
379,Sibolga,ID,75.33,Clouds,1.7427,98.7792,Hotel Syariah CN Darussalam
381,Pangai,TO,80.71,Rain,-19.8,-174.35,Ha'apai Beach Resort
384,Morondava,MG,81.68,Clouds,-20.2833,44.2833,La Case Bambou
388,Houston,US,80.62,Haze,29.7633,-95.3633,"Hotel ICON, Autograph Collection"
393,Caravelas,BR,84.18,Clouds,-17.7125,-39.2481,Pousada dos Navegantes
394,Werda,BW,87.42,Clear,-25.2667,23.2833,
398,Muisne,EC,80.71,Clouds,0.6,-80.0333,Quinta Samay
407,Letlhakane,BW,81.05,Rain,-21.4167,25.5833,Motswedi Hotel P650
409,Buala,SB,78.67,Rain,-8.145,159.5921,Maringe Lagoon Lodge
410,Jacqueville,CI,84.11,Clouds,5.2052,-4.4146,Hotel Le Martin Pecheur
412,Barra Patuca,HN,82.58,Clouds,15.8,-84.2833,
417,Muscat,OM,75.22,Clouds,23.6139,58.5922,Mutrah Hotel
419,Cancun,MX,84.13,Clouds,21.1743,-86.8466,Hotel Tankah Cancun
421,Inirida,CO,88.99,Clouds,3.8653,-67.9239,Fuente del Guania Hotel de Lujo
423,Saint-Joseph,RE,75.58,Clouds,-21.3667,55.6167,"""Plantation Bed and Breakfast"
424,Epe,NG,81.55,Clouds,6.5841,3.9834,MAGVILLE HOTEL
431,Santa Cruz,BO,89.65,Clouds,-17.8,-63.1667,Aviador Hotel Boutique
434,Sulangan,PH,78.48,Clouds,11.1373,123.7228,Maia's Beach Resort
437,Bathsheba,BB,86.61,Clouds,13.2167,-59.5167,Atlantis Hotel
446,Ankazoabo,MG,75.43,Clear,-22.2833,44.5167,ENCEIN BUREAU CISCO
448,Malpe,IN,81.7,Clouds,13.35,74.7167,Hotel Sri Krishna Residency
449,Jeremie,HT,81.77,Clear,18.65,-74.1167,Auberge’Inn
450,Rawson,AR,77.43,Clouds,-43.3002,-65.1023,Hosteria Sampedro
459,Tevaitoa,PF,81.0,Clouds,-16.7833,-151.5,Hôtel Raiatea Lodge
464,Puerto Escondido,MX,83.53,Clouds,15.85,-97.0667,Aldea del Bazar Hotel and Spa
469,Sambava,MG,78.78,Rain,-14.2667,50.1667,Melrose
471,Cacapava Do Sul,BR,82.89,Clouds,-30.5122,-53.4914,Hotel Portal
480,Oistins,BB,86.09,Clouds,13.0667,-59.5333,Butterfly Beach Hotel
481,Fomboni,KM,83.03,Clouds,-12.28,43.7425,Auberge les abou
488,Puerto Narino,CO,76.95,Clouds,-3.7703,-70.3831,Eware Refugio Amazonico
491,Paredon,MX,84.18,Clear,16.0333,-93.8667,Hotel Principal Paredon
494,Alofi,NU,75.09,Rain,-19.0595,-169.9187,Taloa Heights
498,Alenquer,BR,82.74,Clouds,-1.9417,-54.7383,Josilene Castro
502,Belmonte,BR,84.7,Clouds,-15.8631,-38.8828,Pousada Monte Carmelo O Pão
505,Kloulklubed,PW,81.1,Rain,7.0419,134.2556,Storyboard Beach Resort
507,Olinda,BR,85.73,Clouds,-8.0089,-34.8553,Hotel Albergue de Olinda
509,Grand-Bourg,GP,82.35,Clouds,15.8835,-61.3148,Coco Beach Resort
513,Tena,EC,84.36,Clouds,-0.9833,-77.8167,Hostal Tena Ñaui
514,Puerto Carreno,CO,89.58,Clouds,6.189,-67.4859,Casa Hotel Victoria
515,Salalah,OM,77.09,Clouds,17.0151,54.0924,"HAMDAN PLAZA HOTEL SALALAH, an HTG Hotel"
516,Sabang,ID,80.67,Clouds,5.8933,95.3214,Hotel Citra
521,Atar,MR,81.12,Clear,20.5169,-13.0499,Oumou Elghoura
525,Cidreira,BR,77.7,Clouds,-30.1811,-50.2056,Hotel Castelo
526,Lazaro Cardenas,MX,81.09,Clear,17.9583,-102.2,quinta antigua
527,Mimoso Do Sul,BR,79.79,Clouds,-21.0642,-41.3664,Mimoso Plaza Hotel
536,Talara,PE,81.36,Clear,-4.5772,-81.2719,Hostal Oro Negro
556,Cap Malheureux,MU,77.49,Clouds,-19.9842,57.6142,Pereybere Hotel & Spa
562,Nouadhibou,MR,85.98,Clear,20.931,-17.0347,El Medina
564,Natuba,BR,89.53,Clouds,-7.6414,-35.55,Pousada Recanto do Amanhecer
570,Tautira,PF,78.82,Rain,-17.7333,-149.15,Pension Oaoa
573,Pilar,BR,89.53,Clouds,-9.5972,-35.9567,Pousada e churrascaria Manguaba
574,Mitsamiouli,KM,84.49,Clouds,-11.3847,43.2844,Foyer ADM
575,Hobyo,SO,78.8,Clouds,5.3505,48.5268,Halane Hotel and Restaurent
576,La Union,PE,85.69,Clouds,-5.4,-80.75,Los Portales
578,Miramar,US,82.42,Clouds,25.9873,-80.2323,Casa Miramar
581,Tefe,BR,87.91,Clouds,-3.3542,-64.7114,Aracati Hotel
585,Raga,SS,82.24,Clouds,8.4596,25.678,
588,Santa Rosa,PH,76.98,Clouds,14.3122,121.1114,Erlyn’s Sta Rosa City Home
589,Nampula,MZ,85.95,Rain,-15.1165,39.2666,BUTIK Hotel
590,Arraial Do Cabo,BR,76.96,Drizzle,-22.9661,-42.0278,Pousada Porto Praia
593,Inhambane,MZ,78.78,Clouds,-23.865,35.3833,Oceano
595,Manacapuru,BR,84.78,Clouds,-3.2997,-60.6206,Novo Hotel
596,Sabya,SA,80.22,Clear,17.1495,42.6254,Aseel Hotel Apartment
599,Cayenne,GF,84.24,Clouds,4.9333,-52.3333,Hôtel Le Dronmi
600,Banda Aceh,ID,77.49,Clouds,5.5577,95.3222,Sulthan Hotel International
604,Viedma,AR,84.24,Clear,-40.8135,-62.9967,Hotel Cristal
606,Kathu,TH,78.62,Clouds,7.9178,98.3332,Novotel Phuket Resort
613,Bandraboua,YT,82.08,Clouds,-12.7044,45.1223,HASSANI Mikidachi
616,Labelle,US,86.07,Clear,26.7617,-81.4384,Port LaBelle Inn
618,Lagos,NG,86.32,Clouds,6.5833,3.75,
620,Moerai,PF,78.4,Rain,-22.4333,-151.3333,Le Manotel
621,Encruzilhada Do Sul,BR,88.29,Clouds,-30.5439,-52.5219,Conceição Palace Hotel
624,Koumac,NC,77.95,Rain,-20.5667,164.2833,Le Monitel
635,Pauini,BR,87.67,Clouds,-7.7136,-66.9764,Casa do Kiwliks
641,Sucua,EC,83.14,Clouds,-2.4667,-78.1667,Hotel Orellana
644,Maragogi,BR,83.62,Clouds,-9.0122,-35.2225,Salinas do Maragogi All Inclusive Resort
647,Kalmunai,LK,76.64,Clouds,7.4167,81.8167,VS Villa
648,Isabela,PH,78.22,Clouds,6.7085,121.9711,Isawad Resort
651,Honiara,SB,78.91,Clouds,-9.4333,159.95,Heritage Park Hotel
653,Sri Aman,MY,75.25,Clouds,1.2376,111.4621,Seri Simanggang Hotel
655,Kavaratti,IN,81.39,Clouds,10.5669,72.642,Hotels in Lakshadweep Islands
656,Forquilhinha,BR,86.58,Clouds,-28.7475,-49.4722,Oma Zita Hotel
659,Bom Jardim,BR,89.94,Clouds,-7.7958,-35.5872,Pousada do Posto Jose Breno
664,Boueni,YT,82.38,Clouds,-12.9025,45.0761,The feet in water
667,La Fria,VE,86.11,Clouds,8.2203,-72.2439,Estacionamiento de los toledos.
668,Saquarema,BR,77.14,Rain,-22.92,-42.5103,Hotel Fazenda Sol e Lua
671,Las Choapas,MX,81.3,Clear,17.9333,-94.0833,Hotel Jysmak
675,Bosaso,SO,77.43,Clouds,11.2842,49.1816,Red Sea Hotel
676,San Andres,CO,86.02,Clouds,12.5847,-81.7006,Hotel Arena Blanca
678,Loanda,AO,80.6,Clouds,-8.8368,13.2343,Hotel Fórum
682,Turmalina,BR,76.8,Clouds,-17.2856,-42.73,Hotel Cristal
683,Alta Floresta,BR,82.22,Rain,-9.8756,-56.0861,Floresta Amazonica Hotel
684,Nhulunbuy,AU,83.01,Clouds,-12.2333,136.7667,East Arnhem Real Estate
685,Polillo,PH,75.94,Clouds,14.7122,121.9392,Jardin's Hotel
688,Vao,NC,76.82,Clouds,-22.6667,167.4833,Hotel Kou-Bugny
689,Gamba,GA,77.11,Clouds,-2.65,10.0,
694,Kaya,BF,80.42,Clouds,13.0917,-1.0844,Maison de l'appelé
698,Panalingaan,PH,77.76,Clouds,8.7842,117.4231,I Love Panalingaan View Deck
699,Saint-Georges,GD,83.88,Clouds,12.0564,-61.7485,Radisson Grenada Beach Resort
700,Trairi,BR,79.95,Clouds,-3.2778,-39.2689,janelas do mar
704,Punta Gorda,US,78.85,Clouds,26.9298,-82.0454,Four Points by Sheraton Punta Gorda Harborside
710,Kota Kinabalu,MY,75.18,Clouds,5.9749,116.0724,Gaya Centre Hotel
713,Villanueva,HN,85.19,Clouds,15.3167,-88.0,IGLESIA EVANGELICA DEL PRINCIPE DE PAZ
715,Garissa,KE,85.19,Clouds,-0.4536,39.6401,Sharif Plaza Hotel
717,Les Cayes,HT,85.05,Clear,18.2,-73.75,Villa Orphee
718,Samarai,PG,81.54,Clouds,-10.6167,150.6667,Nuli Sapi
720,Maun,BW,87.76,Clouds,-19.9833,23.4167,Enviro Villa
722,Rocha,UY,88.23,Clouds,-34.4833,-54.3333,Hotel Arrarte
728,Acari,PE,81.81,Clouds,-15.4311,-74.6158,HOSPEDAJE XIMENA
730,Sola,VU,83.26,Clouds,-13.8833,167.55,Leumerus Bungalows
731,Port Hedland,AU,80.65,Clouds,-20.3167,118.5667,The Esplanade Hotel
732,Noumea,NC,75.18,Clouds,-22.2763,166.4572,Hôtel Le Lagon
740,Pandan,PH,76.93,Clouds,14.0453,124.1694,Bonifacio Lodge
743,Wewak,PG,78.78,Rain,-3.5534,143.6268,In Wewak Boutique Hotel
744,Miri,MY,77.14,Clouds,4.4148,114.0089,"Mega Hotel, Miri"
747,Anori,BR,83.97,Clouds,-3.7728,-61.6442,Novo Hotel 5 Irmãos
748,Banfora,BF,85.95,Clouds,10.6333,-4.7667,Residences David Hebié
754,Ewo,CG,82.06,Clouds,-0.8725,14.8206,Residence Elonda Ewo
756,Senador Jose Porfirio,BR,84.13,Clouds,-2.5908,-51.9542,Pousada Novo Horizonte
759,Farafangana,MG,78.58,Rain,-22.8167,47.8333,Miarina
763,Santa Vitoria Do Palmar,BR,83.71,Clear,-33.5189,-53.3681,Hostel Comodoro
766,Hilton Head Island,US,77.11,Clouds,32.2163,-80.7526,Disney’s Hilton Head Island Resort
767,Aripuana,BR,82.24,Clouds,-9.1667,-60.6333,
768,Baiao,BR,85.93,Rain,-2.7906,-49.6717,Hotel Eurosono
769,Puerto Madryn,AR,79.77,Clouds,-42.7692,-65.0385,Hotel Tolosa
770,Manaus,BR,84.7,Clouds,-3.1019,-60.025,Manaus Hotéis Millennium
772,Adrar,MR,75.11,Clear,20.5022,-10.0711,
774,Houma,US,84.2,Clouds,29.5958,-90.7195,Courtyard by Marriott Houma
776,Port-Gentil,GA,79.79,Clouds,-0.7193,8.7815,Fengshui Residence
777,Cartagena,CO,85.62,Clouds,10.3997,-75.5144,Hotel Colombia Real - Cartagena
782,Wagar,SD,79.32,Clear,16.1525,36.2032,
784,Port Blair,IN,80.92,Clouds,11.6667,92.75,"Welcomhotel By ITC Hotels, Bay Island, Port Blair"
788,Sao Gabriel Da Cachoeira,BR,85.8,Clouds,-0.1303,-67.0892,Alarne - Área De Lazer Do Alto Rio Negro
789,Anloga,GH,84.42,Clouds,5.7947,0.8973,Pin Drop Hotel
797,Boyolangu,ID,76.3,Rain,-8.1181,111.8935,Yos ega cv
798,Sinnamary,GF,79.97,Clouds,5.3833,-52.95,ALETHEIA Appartement Sinnamary
799,Bambanglipuro,ID,77.32,Rain,-7.95,110.2833,Puri Brata
800,Mana,GF,81.09,Clouds,5.6592,-53.7767,LE SAMANA
814,Tutoia,BR,85.98,Clouds,-2.7619,-42.2744,Pousada Guará's
815,Davila,PH,75.09,Clouds,18.4726,120.5763,Blue Ridge Beach Resort
818,Ugoofaaru,MV,81.5,Clouds,5.6667,73.0,Ungoofaaru Inn
822,Voh,NC,75.65,Clouds,-20.9667,164.7,Le gîte du Koniambo
828,Bubaque,GW,80.49,Clouds,11.2833,-15.8333,"Casa Dora, Bubaque"
829,Punta Alta,AR,87.01,Clear,-38.8759,-62.0736,Center Hotel Punta Alta
834,Yeppoon,AU,76.78,Clouds,-23.1333,150.7333,Villa Mar Colina
842,Mayumba,GA,77.85,Clouds,-3.432,10.6554,LIKWALE LODGE
848,Maningrida,AU,78.6,Clouds,-12.0667,134.2667,Dhukurrdji Lodge
849,Pombas,CV,78.58,Clouds,17.1503,-25.0201,Paul Paradis
850,Kangaba,ML,86.04,Clouds,11.9333,-8.4167,CAF (case de l´amitié et de la fraternité)
854,Guarare,PA,85.57,Clouds,7.8167,-80.2833,RESIDENCIAL VILLA VALENTINA
855,Road Town,VG,84.29,Clouds,18.4167,-64.6167,"ZINGARA 76ft Catamaran, full crew-all included"
856,Tingo Maria,PE,84.51,Clouds,-9.2895,-76.0088,Hospedaje Paraíso
857,West Point,US,75.27,Clouds,33.6076,-88.6503,Hampton Inn & Suites West Point
859,Fenoarivo Atsinanana,MG,78.69,Clouds,-17.3667,49.4167,L'Oasis Lodge
861,Kimbe,PG,76.87,Clouds,-5.5502,150.1429,Kimbe Bay Hotel
865,Jacksonville,US,79.02,Clouds,30.3322,-81.6556,Hyatt Regency Jacksonville Riverfront
875,Champerico,GT,88.34,Clouds,14.3,-91.9167,"Hotel y restaurante ""El Diamante"""
877,Cam Ranh,VN,75.16,Clouds,11.9214,109.1591,OYO 598 Peony Hotel
881,El Limon,VE,79.09,Clouds,10.3059,-67.6321,Campamento Valle Beraca
882,Marsh Harbour,BS,77.72,Clear,26.5412,-77.0636,Abaco Beach Resort
886,Alyangula,AU,80.47,Clouds,-13.8483,136.4192,Groote Eylandt Lodge
889,Bontang,ID,76.71,Clouds,0.1333,117.5,KOPKAR Hotel Bintang Sintuk
898,Campoverde,PE,89.29,Clouds,-8.4753,-74.8058,Hospedaje Coral's
908,Poya,NC,75.92,Clouds,-21.35,165.15,
910,Sombrio,BR,81.66,Clouds,-29.1139,-49.6167,Santa Rosa Do Sul
912,El Alto,PE,78.46,Clear,-4.2714,-81.2147,Black Marlin Restaurant & Hospedaje
913,Acapulco,MX,82.47,Clear,16.8634,-99.8901,HS Hotsson Smart Acapulco
920,Coracao De Jesus,BR,79.52,Rain,-16.6853,-44.365,Hotel Neves
924,Progreso,MX,87.24,Clear,21.2833,-89.6667,Playa Linda Hotel
928,Whyalla,AU,75.09,Clouds,-33.0333,137.5833,Foreshore Motor Inn
929,Tamandare,BR,83.44,Clouds,-8.7597,-35.1047,Pousada 100 Passos
934,Trinidad,BO,89.58,Clouds,-14.8333,-64.9,Hotel Piesta
939,Vung Tau,VN,76.14,Clouds,10.346,107.0843,Green hotel
940,Calabozo,VE,88.45,Clouds,8.9242,-67.4293,Hotel Giardini
942,Chontalpa,MX,82.15,Clear,17.7,-93.5167,
944,Nha Trang,VN,75.2,Clouds,12.25,109.1833,Sheraton Nha Trang Hotel & Spa
945,Pontes E Lacerda,BR,83.97,Clouds,-15.2261,-59.3353,Hotel Bressan
950,Sarangani,PH,81.55,Clouds,5.4033,125.4636,Ballistic Islet
954,Kishi,NG,85.35,Clouds,9.0833,3.85,New NCCF KISI
957,Bandarbeyla,SO,77.79,Rain,9.4942,50.8122,JABIR HOTEL
971,Harper,LR,80.89,Clouds,4.375,-7.7169,Screensaver
973,Baracoa,CU,81.99,Clouds,20.3467,-74.4958,Hostal Rio Miel
974,Kirakira,SB,80.24,Clouds,-10.4544,161.9205,SanBiz Lodge
978,Amapa,BR,78.28,Clouds,1.0,-52.0,
979,Cotonou,BJ,85.98,Clouds,6.3654,2.4183,Novotel Cotonou Orisha
980,Tarakan,ID,76.5,Rain,3.3,117.6333,RedDoorz Syariah near Taman Berlabuh Tarakan
982,Saint-Louis,SN,89.56,Clouds,16.3333,-15.0,
983,Meulaboh,ID,77.13,Clouds,4.1363,96.1285,Kost Pria
984,Soubre,CI,85.03,Clouds,5.7856,-6.6083,Lynd Hotels Soubre
985,Panlaitan,PH,79.61,Clouds,12.1191,119.8486,Panlaitan Cetro Beach
986,Grand Gaube,MU,77.4,Clouds,-20.0064,57.6608,Veranda Paul et Virginie Hotel & Spa
987,Kassala,SD,79.11,Clear,15.451,36.4,Amassi Hotel Gash
988,Sao Jose De Ribamar,BR,79.18,Rain,-2.5619,-44.0542,Mediterrânea Hotel e Restaurante
990,Alice Springs,AU,76.55,Clouds,-23.7,133.8833,Desert Palms Alice Springs
993,Mineros,BO,89.19,Clouds,-17.1167,-63.2333,Colpacaranda Eco Resort
995,Pueblo Rico,CO,76.48,Clouds,5.2383,-76.0364,Hotel Don Pedro
999,Lorengau,PG,82.06,Clouds,-2.0226,147.2712,Lorengau Harbourside Hotel
1005,Karaton,ID,77.16,Rain,-6.3424,106.1045,Parkir Mobil Wisata CAS Water Park
1009,Massaguet,TD,78.84,Clouds,12.4755,15.4365,Alwatane
1011,Axim,GH,81.37,Clouds,4.8699,-2.2405,Axim Beach Resort And Spa
1012,Manokwari,ID,78.06,Clouds,-0.8667,134.0833,Swiss Belhotel Manokwari
1013,Nueva Loja,EC,89.08,Rain,0.0847,-76.8828,Limoncocha Great Hotel
1017,Niono,ML,83.01,Clear,14.2526,-5.993,Hôtel Campement
1020,Manta,EC,78.58,Clouds,-0.95,-80.7333,Balandra Hotel
1032,Imbituba,BR,76.89,Clouds,-28.24,-48.6703,Praia Hotel Imbituba
1039,Kapoeta,SS,88.72,Clouds,4.7717,33.5903,Eastgate Hotel
1042,Ondjiva,AO,79.11,Clouds,-17.0667,15.7333,COMBUESA
1043,Port Loko,SL,87.48,Clouds,8.7667,-12.7833,MJ Motel
1044,Crowley,US,82.38,Clouds,30.2141,-92.3746,"Motel 6 Crowley, LA"
1049,Vilhena,BR,80.26,Clouds,-12.7406,-60.1458,Hotel Mirage
1052,Saint-Paul,RE,77.11,Clouds,-21.0096,55.2707,Boucan Canot
1053,Kudahuvadhoo,MV,81.77,Clouds,2.6708,72.8944,Niyama Private Islands Maldives
1055,Manyana,BW,85.23,Clear,-23.4,21.7167,
1059,Mount Darwin,ZW,79.48,Clouds,-16.7725,31.5838,
1061,Kyabe,TD,84.38,Clouds,9.4515,18.9449,
1062,Vanimo,PG,78.08,Clouds,-2.6741,141.3028,Vahmoneh Lodge Vanimo
1071,Nabire,ID,76.39,Rain,-3.3667,135.4833,Hotel Nusantara Nabire
1084,Vila Do Maio,CV,84.99,Clouds,15.1333,-23.2167,Hotel Marilu
1088,Dibulla,CO,89.62,Clouds,11.2725,-73.3091,Hospedaje Dibulla Beach
1093,Itaueira,BR,77.95,Clouds,-7.6033,-43.0256,Pousada e Restaurante Cheiro e Sabor
1096,Berekum,GH,85.28,Clouds,7.4534,-2.584,Nyame Nnae Hotel
1097,Linhares,BR,79.52,Clouds,-19.3911,-40.0722,Hotel Conceição
1101,Sassandra,CI,81.28,Clouds,4.95,-6.0833,la terrasse
1106,Cabedelo,BR,86.67,Clouds,-6.9811,-34.8339,Hotel Pigalle
1109,Parit Raja,MY,75.51,Clouds,1.8681,103.1124,RG Grand Hotel
1114,Oranjestad,AW,84.15,Clouds,12.524,-70.027,Divi Village Golf & Beach Resort
1116,Eyl,SO,77.05,Clouds,7.9803,49.8164,Amiin Hotel
1118,El Tigre,VE,87.26,Clouds,8.8875,-64.2454,Hotel Santa Cruz
1119,Chake Chake,TZ,81.34,Clouds,-5.2459,39.7666,Hotel Archipelago
1121,Mogadishu,SO,77.7,Clouds,2.0371,45.3438,Hotel Juba
1128,Trincomalee,LK,79.36,Clouds,8.5711,81.2335,Welcombe Hotel
1130,Pontianak,ID,75.18,Haze,-0.0333,109.3333,Aston Pontianak Hotel & Convention Center
1133,Kingsville,US,84.29,Clouds,27.5159,-97.8561,Econo Lodge Kingsville
1137,Aitape,PG,77.29,Rain,-3.1374,142.3475,
1142,Gaoua,BF,86.14,Clouds,10.2992,-3.2508,
1143,Beitbridge,ZW,78.33,Rain,-22.2167,30.0,Beitbridge Express Hotel
1148,Kattivakkam,IN,78.89,Clear,13.2167,80.3167,Euronova Freezer
1151,Conde,BR,83.79,Clouds,-7.2597,-34.9075,Pousada Beija Flor
1156,Nuevo Progreso,MX,83.8,Clear,23.1667,-97.95,Balneario Rio el Paraiso
1162,Denpasar,ID,82.06,Clouds,-8.65,115.2167,ASTON Denpasar Hotel & Convention Center
1165,Sao Jose Da Coroa Grande,BR,83.37,Clouds,-8.8978,-35.1478,Crôa Mares Hotel
1166,Independencia,BR,84.34,Clouds,-5.3964,-40.3086,Pousada Santa Cruz
1167,Mananjary,MG,78.31,Clouds,-21.2167,48.3333,Vahiny Lodge
1168,Sal Rei,CV,76.73,Clouds,16.1833,-22.9167,Marine Club Beach Resort
1170,Auki,SB,77.58,Clouds,-8.7676,160.7034,Auki Motel
1174,Sechura,PE,79.99,Clouds,-5.5569,-80.8222,Hospedaje Costa Bella
1186,Abeche,TD,76.1,Clear,13.8292,20.8324,Assaleh Hamdan Haroune
1187,Altagracia De Orituco,VE,87.44,Clouds,9.8601,-66.3814,Posada Quinta Mi Refugio
1188,Ailigandi,PA,81.36,Clouds,9.2333,-78.0167,Akwa Reef Lodge
1198,Sawakin,SD,75.22,Clouds,19.1059,37.3321,فندق الدويم
1203,Arcelia,MX,85.14,Clear,18.2833,-100.2667,Hotel El Posito
1210,Eydhafushi,MV,81.61,Clouds,5.1033,73.0708,Soneva Fushi
1214,San Ignacio,BZ,88.68,Clouds,17.1561,-89.0714,Rainforest Haven Inn
1218,Salvador,SV,87.57,Clouds,13.8333,-88.9167,Chico's Ranch
1220,Mildura,AU,75.07,Clouds,-34.2,142.15,Mercure Hotel Mildura
1223,Sembe,CG,79.43,Rain,1.6481,14.5806,
1226,Buchanan,LR,82.58,Rain,5.8808,-10.0467,Kamaneahn Hotel Inc
1227,Shakawe,BW,76.73,Clouds,-18.3667,21.85,Ditlhapi Guest House
1228,Camopi,GF,77.74,Clouds,3.1655,-52.3158,La pousada
1229,Sarh,TD,83.79,Clouds,9.1429,18.3923,Domicile 1sur le goudron
1230,Camara De Lobos,PT,75.83,Clear,32.6333,-16.9667,Golden Residence Hotel
1241,Pocao De Pedras,BR,80.6,Clouds,-4.6667,-44.85,Hotel Magazine
1242,Uramita,CO,81.86,Clouds,6.8994,-76.1742,Hotel Casa Blanca
1247,Vega De Alatorre,MX,82.2,Clear,20.0333,-96.6333,El Polo Norte
1264,Cockburn Town,TC,78.19,Clear,21.4612,-71.1419,Osprey Beach Hotel
1268,Natchitoches,US,79.65,Clouds,31.7668,-93.1335,Super 8 by Wyndham Natchitoches
1269,Pochutla,MX,87.82,Clear,15.7432,-96.4661,Hotel Posada San Jose
1272,Tucurui,BR,79.32,Clouds,-3.7661,-49.6725,BBB Rooms Centro Tucurui PA
1276,Luganville,VU,80.53,Rain,-15.5333,167.1667,The Espiritu Hotel
1278,Guanambi,BR,84.0,Clouds,-14.2233,-42.7814,Leopoldo Hotel
1281,Charters Towers,AU,75.11,Clear,-20.1,146.2667,Cattleman's Rest Motor Inn
1288,Todos Santos,MX,83.01,Clouds,23.45,-110.2167,Hotel California Todos Santos
1290,Tual,ID,82.96,Clouds,-5.6667,132.75,Grand Vilia Hotel
1293,Saint Augustine,US,80.46,Clouds,29.8947,-81.3145,St. George Inn
1298,Gizo,SB,82.6,Rain,-8.103,156.8419,Imagination Island
1309,Pointe Michel,DM,79.05,Clouds,15.25,-61.3833,Castle Comfort Lodge Dive Dominica
1314,Bumbuna,SL,87.73,Clouds,9.05,-11.7333,
1327,Nisia Floresta,BR,86.65,Clouds,-6.0911,-35.2086,Rancho Crepusculo
1332,Tigbao,PH,77.16,Clouds,12.5546,123.3389,
1340,Benguela,AO,78.3,Rain,-12.5763,13.4055,Hotel Praia Morena
1342,Luis Correia,BR,84.09,Rain,-2.8792,-41.6669,Hotel Amarração
1348,Wajir,KE,87.69,Clouds,1.7471,40.0573,Al-bustan Hotel And Restaurant.
1354,Tarata,BO,77.07,Clear,-17.6167,-66.0167,Hacienda castillo
1355,Envira,BR,89.8,Clouds,-7.3,-70.2167,
1357,Kilindoni,TZ,82.63,Clouds,-7.9139,39.6668,Bustani B&B
1358,Antsohihy,MG,75.47,Rain,-14.8796,47.9875,Hotel de Ville
1360,Kupang,ID,79.11,Clouds,-10.1667,123.5833,Hotel On The Rock by Prasanthi
1363,Grand-Lahou,CI,81.97,Clouds,5.1367,-5.0242,Hotel Beatitude de Grand Lahou
1365,General Roca,AR,85.62,Clear,-39.0333,-67.5833,Hotel y Casino del Río General Roca
1367,Sumbe,AO,77.68,Rain,-11.2061,13.8437,Hotel Ritz Sumbe
1370,Gigmoto,PH,76.48,Clouds,13.7796,124.39,Cj's Travellers Inn
1377,Pitimbu,BR,86.59,Clouds,-7.4706,-34.8086,Reserva do Abiaí
1381,Ambilobe,MG,77.18,Rain,-13.2,49.05,Hôtel & Restaurant DIANA Ambilobe
1388,Bowen,AU,77.18,Clouds,-20.0167,148.2333,Castle Motor Lodge Motel
1403,Roura,GF,84.11,Clouds,4.7263,-52.3274,Amazonie Découverte SARL
1415,Boa Vista,BR,89.58,Clouds,2.8197,-60.6733,Aipana Plaza Hotel
1420,Luangwa,ZM,79.38,Clouds,-15.6167,30.4167,Gerasimos Safari Lodge
1423,Conakry,GN,86.36,Clouds,9.538,-13.6773,Riviera Royal Hotel
1432,Tomatlan,MX,84.63,Clouds,19.9333,-105.25,El Salvial
1434,Shimoni,KE,81.82,Clouds,-4.6476,39.3817,Shimoni Reef Lodge
1443,Goiatuba,BR,75.16,Clouds,-18.0125,-49.3547,Hotel Barrocos
1454,Martapura,ID,77.09,Clouds,-3.4167,114.85,Montana Hotel Syariah
1459,Banjar,ID,82.26,Clouds,-8.19,114.9675,The Hamsa Resort
1465,Antalaha,MG,76.68,Rain,-14.9003,50.2788,Hotel Vitasoa
1467,Luba,GQ,80.33,Clouds,3.4568,8.5547,
1469,Sinazongwe,ZM,78.89,Clouds,-17.2614,27.4618,Lakeview Lodge
1470,Innisfail,AU,75.02,Clear,-17.5333,146.0333,Moondarra Motel
1471,Kalianget,ID,78.67,Rain,-7.05,113.9333,Pesanggrahan Garam
1473,Pamekasan,ID,78.66,Rain,-7.1568,113.4746,OYO 3027 Griya Temenggungan Syariah
1474,Quelimane,MZ,81.5,Clouds,-17.8786,36.8883,Hotel Flamingo
1483,Alugan,PH,77.94,Clouds,12.2188,125.4808,JM Lodge
1490,Aneho,TG,82.17,Clouds,6.2333,1.6,Hotel La Linette
1491,Barahona,DO,85.82,Clouds,18.2085,-71.1008,Hotel Caribe
1500,General Salgado,BR,85.59,Clouds,-20.6483,-50.3606,TUTU HOTEL
1501,Catio,GW,83.28,Clouds,11.2833,-15.25,Pausada Morabedja
1506,Le Port,RE,77.0,Clouds,-20.9373,55.2919,KORBEY D'OR OUEST
1508,Jacksonville Beach,US,81.45,Clouds,30.2947,-81.3931,Courtyard by Marriott Jacksonville Beach Oceanfront
1514,Ouallam,NE,77.38,Clear,14.3188,2.0866,
1521,Cabinda,AO,78.98,Rain,-5.55,12.2,Hotel Maiombe
1524,Thomaston,US,77.49,Clouds,32.8882,-84.3266,Days Inn by Wyndham Thomaston
1525,Pangani,TZ,79.66,Rain,-5.4333,38.9667,Safari Mashariki Lodge
1532,Qandala,SO,78.08,Clouds,11.472,49.8728,
1544,Diamantino,BR,83.44,Clouds,-14.4086,-56.4461,Hotel Delta
1554,Lobito,AO,77.77,Rain,-12.3481,13.5456,Casa Rosa Hotel Residence
1555,Angoche,MZ,81.63,Clouds,-16.2325,39.9086,Guest House HESADA
1556,Porto Novo,BJ,81.82,Clouds,6.4965,2.6036,Tour Eiffel Hotel Benin
1557,Minatitlan,MX,82.49,Clear,17.9833,-94.5167,Grand Regency Express
1571,Yaan,NG,87.13,Clouds,7.3833,8.5667,
1573,Batangafo,CF,83.39,Clouds,7.3008,18.2833,OCHA Office
1575,Guaruja,BR,83.16,Rain,-23.9931,-46.2564,Charme Hotel Guarujá
1576,Pedasi,PA,82.09,Clouds,7.5333,-80.0333,Selina Pedasi
1579,Howard Springs,AU,84.11,Clouds,-12.497,131.047,buffalo beach hostel
1580,Celestun,MX,85.59,Clear,20.8667,-90.4,Posada Lilia
1588,Manakara,MG,78.8,Clouds,-22.1333,48.0167,La Residence Manakara
1589,Coihueco,CL,81.54,Clear,-36.6167,-71.8333,Frutillares Centro Coihueco
1595,Sabanalarga,CO,86.67,Clouds,10.6296,-74.9206,Hotel Miraflores
1596,San Vicente De Canete,PE,75.29,Clouds,-13.0751,-76.3835,Hotel Konford
1610,Guiglo,CI,87.64,Clouds,6.5456,-7.4966,Hotel GBAOLY 2
1611,Nosy Varika,MG,77.92,Clouds,-20.5833,48.5333,Hotel Volazara
1612,Santarem,BR,84.33,Clouds,-2.4431,-54.7083,Ecotur Lodge
1617,Ouricuri,BR,82.89,Clouds,-7.8825,-40.0817,Sertão Pousada
1624,Kinablangan,PH,75.87,Rain,7.6947,126.5503,Morales Eatery and Lodging House
1629,Katherine,AU,80.92,Clouds,-14.4667,132.2667,Pine Tree Motel
1633,Maldonado,UY,83.59,Clear,-34.6667,-54.9167,La Cimarrona
1642,Klerksdorp,ZA,76.6,Clear,-26.8521,26.6667,Alte Welkom Guesthouse
1649,Mananara,MG,76.75,Clouds,-16.1667,49.7667,Chez Roger
1651,Palora,EC,84.18,Clouds,-1.7,-77.9333,Rancho grande
1659,Marang,MY,78.71,Clouds,5.2056,103.2059,DBarakah Homestay
1666,Dosso,NE,77.32,Clear,13.049,3.1937,Hotel Toubal
1668,Lumut,MY,77.36,Clouds,4.2323,100.6298,"Marina Island Pangkor Resort & Hotel (Suites, Function Rooms and Convention Hall)"
1669,Puerto Leguizamo,CO,89.33,Clouds,-0.1934,-74.7819,la casona de juancho
1672,Trelew,AR,79.54,Clouds,-43.249,-65.3051,Hotel Touring Club
1675,Dzilam Gonzalez,MX,89.89,Clear,21.2833,-88.9333,posadas
1678,Ambon,ID,75.34,Clouds,-3.6954,128.1814,Swiss-Belhotel Ambon
1686,Biltine,TD,75.81,Clear,14.5333,20.9167,Hôtel Trois Étoiles de Biltine
1690,Higueron,MX,81.88,Clear,18.5833,-99.1667,HOTEL IMPERIAL JOJUTLA
1693,Tete,MZ,78.48,Rain,-16.1564,33.5867,Zambeze Paraíso Misterioso
1694,Nanga Eboko,CM,78.19,Clouds,4.6833,12.3667,Motel Papi Palace
1695,Dunmore Town,BS,77.76,Clear,25.5,-76.65,Coral Sands Hotel
1716,Maraa,BR,85.5,Clouds,-1.8333,-65.3667,
1718,Bernal,PE,85.48,Clouds,-5.45,-80.75,Plaza de Armas Bellavista de La Unión
1719,Bairiki,KI,78.8,Clouds,1.3292,172.9752,Tarawa Boutique Hotel
1723,Mtwara,TZ,81.52,Clouds,-10.2667,40.1833,TIL Hotels Mtwara
1725,Marovoay,MG,82.54,Clouds,-16.1,46.6333,Hôtel les Oliviers Marovoay
1726,Illapel,CL,77.95,Clear,-31.6308,-71.1653,Hotel Londres
1728,Comodoro Rivadavia,AR,76.86,Clouds,-45.8667,-67.5,Austral Hotel
1733,Healesville,AU,75.45,Clear,-37.65,145.5167,Tuck Inn Yarra Valley Accommodation Healesville
1735,Monrovia,LR,83.97,Clouds,6.3005,-10.7969,Sunset Inn
1736,Kita,ML,87.19,Clouds,13.0349,-9.4895,Hôtel Chat Rouge
1739,Laminusa,PH,81.46,Clouds,5.5549,120.9136,Laminusa Port
1746,Alto Araguaia,BR,80.46,Clouds,-17.3147,-53.2153,Araguaia Palace Hotel
1757,Tahoua,NE,80.58,Clear,14.8888,5.2692,Bungalows Guesthouse
1759,Indramayu,ID,80.82,Clouds,-6.3264,108.32,Grand Trisula Hotel
1762,Vaitape,PF,81.03,Clouds,-16.5167,-151.75,Conrad Bora Bora Nui
1765,Bodden Town,KY,86.0,Clouds,19.2833,-81.25,Will T Place
1767,Man,CI,86.85,Clouds,7.4125,-7.5538,Sodetherm Hotel les Cascades Ma
1771,Iracoubo,GF,80.22,Clouds,5.4802,-53.2011,Le Gîte d’Iracoubo
1775,Ciudad Guayana,VE,86.52,Clouds,8.3533,-62.6528,Hotel Las Americas
1777,Lodwar,KE,85.66,Clouds,3.1191,35.5973,Solmar Gracious Hotel
1780,Maues,BR,80.29,Rain,-3.3836,-57.7186,Hotel Miramar
1783,Bhatkal,IN,80.64,Clouds,13.9667,74.5667,Nilawar Palace
1786,Wilmington,US,75.99,Clear,34.2257,-77.9447,"Hotel Ballast Wilmington, Tapestry Collection by Hilton"
1787,Pindiga,NG,77.04,Clouds,9.9833,10.9333,Accommodation Center
1791,Savannah Bight,HN,86.05,Clear,16.45,-85.85,Villa on Dunbar Rock
1793,Banyo,CM,78.67,Clouds,6.75,11.8167,Motel JOMBA
1802,Cuajinicuilapa,MX,87.93,Clear,16.4667,-98.4167,Pozo S. XVI
1805,Eagle Pass,US,79.25,Clouds,28.7091,-100.4995,"Holiday Inn Express & Suites Eagle Pass, an IHG Hotel"
1809,Jaguarao,BR,89.87,Clear,-32.5661,-53.3758,Hotel Rio's
1811,Aracataca,CO,85.78,Clouds,10.5918,-74.1898,Hostal de los buendia
1812,Point Pedro,LK,78.17,Clouds,9.8167,80.2333,Gtr homes
1817,Altamira,BR,78.89,Rain,-3.2033,-52.2064,Requinte Hotel
1828,Boda,CF,81.59,Clouds,4.3189,17.4695,
1833,Soyo,AO,80.65,Clouds,-6.1349,12.3689,Hotel Mpampa
1839,Mmabatho,ZA,80.56,Clouds,-25.85,25.6333,Mahikeng Guest Apartments
1842,Lakatoro,VU,82.02,Rain,-16.0999,167.4164,Lakatoro Palm Lodge
1844,Luwuk,ID,77.47,Clouds,-0.9516,122.7875,Hotel Santika Luwuk
1847,San Felipe,VE,86.27,Clouds,10.3399,-68.7425,Posada Llovizna Rodríguez
1850,Itanhem,BR,84.16,Rain,-17.1664,-40.33,Hotel Resende
1854,Kuala Terengganu,MY,78.75,Clouds,5.3302,103.1408,Hotel Grand Continental Kuala Terengganu (4 Star)
1858,Praya,CV,82.94,Clear,14.9215,-23.5087,LT Aparthotel
1859,Phangnga,TH,78.84,Clouds,8.4509,98.5298,Sunimit Mansion
1861,Cururupu,BR,80.58,Rain,-1.8283,-44.8683,POUSADA TRAVÉS'CIA
1862,Nuevitas,CU,87.24,Clouds,21.5453,-77.2644,Hotel Caonaba
1863,Liku,ID,75.47,Clouds,-0.7275,119.8922,Wahyu
1868,Itarema,BR,86.13,Clouds,-2.9248,-39.9167,"Sea Lounge! Bar, Club & Restaurant"
1874,Yei,SS,78.6,Clouds,4.095,30.6779,City Link Hotel
1877,Uarini,BR,87.75,Clouds,-2.99,-65.1083,
1880,Goundam,ML,78.51,Clear,16.4145,-3.6708,
1888,Jucas,BR,75.06,Clouds,-6.5253,-39.5275,Pousada e pizzaria Frogomercambar
1903,Coruripe,BR,83.68,Clouds,-10.1256,-36.1756,Pousada e Hotel Litoral Sul
1911,Nkhotakota,MW,79.48,Rain,-12.9274,34.2961,Sitima Inn
1912,Petatlan,MX,87.6,Clear,17.5167,-101.2667,Hotel California Petatlán
1913,Iturama,BR,84.22,Clouds,-19.7281,-50.1956,República DominaCana
1916,Kango,GA,76.77,Rain,0.1943,10.0951,Hôtel Bar Restaurant Le Bercail
1917,Panukulan,PH,77.11,Clouds,14.9333,121.8144,AC Lodging House
1920,Nachingwea,TZ,78.39,Clouds,-10.3833,38.7667,Makoga lodge
1929,Lira,UG,77.59,Rain,2.235,32.9097,ST Lira Hotel Limited
1938,Koungou,YT,82.11,Clear,-12.7336,45.2042,Villa Netibor
1942,Boca Do Acre,BR,87.91,Clouds,-8.7522,-67.3978,Hotel Sao Pedro
1944,Palauig,PH,76.66,Clouds,15.435,119.9045,Alperi Botique Resort
1949,Savelugu,GH,89.1,Clouds,9.6244,-0.8253,Yoo Naa's Palace
1953,Palmas,BR,80.47,Clouds,-10.2128,-48.3603,Hotel Lago da Palma
1963,Ende,ID,78.57,Clouds,-8.8432,121.6623,Dwi Putra Hotel - Ende
1965,Chiredzi,ZW,75.9,Clouds,-21.05,31.6667,Clevers Hotel Chiredzi
1966,Madimba,TZ,80.83,Clouds,-10.4,40.3333,
